Location,Feature Combination,Metric,Value
Jaisalmer,ghi_only,Mean Absolute Error (Non-zero),69.01656923324475
Jaisalmer,ghi_only,Mean Squared Error (Non-zero),13305.9097219832
Jaisalmer,ghi_only,Root Mean Squared Error (Non-zero),115.35124499537575
Jaisalmer,ghi_only,R² Score (Non-zero),0.8320476442799823
Jaisalmer,ghi_only,Mean Absolute Percentage Error (Non-zero),47.483320365101605
Jaisalmer,ghi_only,Mean Squared Percentage Error (Non-zero),217.30263829473984
Jaisalmer,ghi_only,Non-zero Values Percentage,48.46611721611722
Jaisalmer,ghi_only,Mean Absolute Error (All),34.25203410783252
Jaisalmer,ghi_only,Mean Squared Error (All),6452.81781547024
Jaisalmer,ghi_only,Root Mean Squared Error (All),80.32943305831456
Jaisalmer,ghi_only,R² Score (All),0.9271463675162644
Jaisalmer,ghi_only,Mean Absolute Percentage Error (All),802382764728.4429
Jaisalmer,ghi_only,Mean Squared Percentage Error (All),3.9600129431243745e+22
Jaisalmer,Temperature,Mean Absolute Error (Non-zero),68.79271096588026
Jaisalmer,Temperature,Mean Squared Error (Non-zero),12750.642343070962
Jaisalmer,Temperature,Root Mean Squared Error (Non-zero),112.918742213465
Jaisalmer,Temperature,R² Score (Non-zero),0.839056444601896
Jaisalmer,Temperature,Mean Absolute Percentage Error (Non-zero),51.96955913074326
Jaisalmer,Temperature,Mean Squared Percentage Error (Non-zero),294.03199503315096
Jaisalmer,Temperature,Non-zero Values Percentage,48.46611721611722
Jaisalmer,Temperature,Mean Absolute Error (All),33.77728250214258
Jaisalmer,Temperature,Mean Squared Error (All),6195.910256391086
Jaisalmer,Temperature,Root Mean Squared Error (All),78.7141045581482
Jaisalmer,Temperature,R² Score (All),0.9300469063857447
Jaisalmer,Temperature,Mean Absolute Percentage Error (All),436126569299.52124
Jaisalmer,Temperature,Mean Squared Percentage Error (All),1.616899259043907e+23
Jaisalmer,Relative Humidity,Mean Absolute Error (Non-zero),75.77998780269469
Jaisalmer,Relative Humidity,Mean Squared Error (Non-zero),13619.582048161805
Jaisalmer,Relative Humidity,Root Mean Squared Error (Non-zero),116.70296503586276
Jaisalmer,Relative Humidity,R² Score (Non-zero),0.8280883504619252
Jaisalmer,Relative Humidity,Mean Absolute Percentage Error (Non-zero),55.56271374522168
Jaisalmer,Relative Humidity,Mean Squared Percentage Error (Non-zero),326.9894882187579
Jaisalmer,Relative Humidity,Non-zero Values Percentage,48.46611721611722
Jaisalmer,Relative Humidity,Mean Absolute Error (All),39.67634624842393
Jaisalmer,Relative Humidity,Mean Squared Error (All),6839.445486593163
Jaisalmer,Relative Humidity,Root Mean Squared Error (All),82.70094005870286
Jaisalmer,Relative Humidity,R² Score (All),0.9227812620591566
Jaisalmer,Relative Humidity,Mean Absolute Percentage Error (All),2948728533637.523
Jaisalmer,Relative Humidity,Mean Squared Percentage Error (All),2.3856288678580556e+24
Jaisalmer,Pressure,Mean Absolute Error (Non-zero),67.90397262010137
Jaisalmer,Pressure,Mean Squared Error (Non-zero),12808.16717366
Jaisalmer,Pressure,Root Mean Squared Error (Non-zero),113.17317338335971
Jaisalmer,Pressure,R² Score (Non-zero),0.8383303438683354
Jaisalmer,Pressure,Mean Absolute Percentage Error (Non-zero),52.24635482331325
Jaisalmer,Pressure,Mean Squared Percentage Error (Non-zero),307.9952237921701
Jaisalmer,Pressure,Non-zero Values Percentage,48.46611721611722
Jaisalmer,Pressure,Mean Absolute Error (All),35.030229118328556
Jaisalmer,Pressure,Mean Squared Error (All),6221.352480137759
Jaisalmer,Pressure,Root Mean Squared Error (All),78.87555058532244
Jaisalmer,Pressure,R² Score (All),0.9297596584777121
Jaisalmer,Pressure,Mean Absolute Percentage Error (All),2119810153895.404
Jaisalmer,Pressure,Mean Squared Percentage Error (All),1.3731164515456005e+23
Jaisalmer,Precipitable Water,Mean Absolute Error (Non-zero),65.31487645087064
Jaisalmer,Precipitable Water,Mean Squared Error (Non-zero),12824.907432671349
Jaisalmer,Precipitable Water,Root Mean Squared Error (Non-zero),113.24710783358377
Jaisalmer,Precipitable Water,R² Score (Non-zero),0.8381190418232243
Jaisalmer,Precipitable Water,Mean Absolute Percentage Error (Non-zero),52.97459309207916
Jaisalmer,Precipitable Water,Mean Squared Percentage Error (Non-zero),325.4305073135611
Jaisalmer,Precipitable Water,Non-zero Values Percentage,48.46611721611722
Jaisalmer,Precipitable Water,Mean Absolute Error (All),33.18121814991146
Jaisalmer,Precipitable Water,Mean Squared Error (All),6265.657504583155
Jaisalmer,Precipitable Water,Root Mean Squared Error (All),79.15590631521539
Jaisalmer,Precipitable Water,R² Score (All),0.9292594456930913
Jaisalmer,Precipitable Water,Mean Absolute Percentage Error (All),1525633569696.0315
Jaisalmer,Precipitable Water,Mean Squared Percentage Error (All),4.9922835406130855e+23
Jaisalmer,Wind Direction,Mean Absolute Error (Non-zero),70.61785308986086
Jaisalmer,Wind Direction,Mean Squared Error (Non-zero),13076.27936523332
Jaisalmer,Wind Direction,Root Mean Squared Error (Non-zero),114.35156039702004
Jaisalmer,Wind Direction,R² Score (Non-zero),0.8349461277483657
Jaisalmer,Wind Direction,Mean Absolute Percentage Error (Non-zero),46.46848426267105
Jaisalmer,Wind Direction,Mean Squared Percentage Error (Non-zero),215.57279832832563
Jaisalmer,Wind Direction,Non-zero Values Percentage,48.46611721611722
Jaisalmer,Wind Direction,Mean Absolute Error (All),34.8903264360463
Jaisalmer,Wind Direction,Mean Squared Error (All),6340.338534811695
Jaisalmer,Wind Direction,Root Mean Squared Error (All),79.62624275207072
Jaisalmer,Wind Direction,R² Score (All),0.9284162815924819
Jaisalmer,Wind Direction,Mean Absolute Percentage Error (All),664594982031.4075
Jaisalmer,Wind Direction,Mean Squared Percentage Error (All),2.773650150765259e+22
Jaisalmer,Wind Speed,Mean Absolute Error (Non-zero),67.773004970519
Jaisalmer,Wind Speed,Mean Squared Error (Non-zero),13040.250964108563
Jaisalmer,Wind Speed,Root Mean Squared Error (Non-zero),114.1939182448372
Jaisalmer,Wind Speed,R² Score (Non-zero),0.8354008922077797
Jaisalmer,Wind Speed,Mean Absolute Percentage Error (Non-zero),47.80225380109358
Jaisalmer,Wind Speed,Mean Squared Percentage Error (Non-zero),238.21890732723315
Jaisalmer,Wind Speed,Non-zero Values Percentage,48.46611721611722
Jaisalmer,Wind Speed,Mean Absolute Error (All),33.752620298838444
Jaisalmer,Wind Speed,Mean Squared Error (All),6324.940715035121
Jaisalmer,Wind Speed,Root Mean Squared Error (All),79.52949588068014
Jaisalmer,Wind Speed,R² Score (All),0.9285901261260071
Jaisalmer,Wind Speed,Mean Absolute Percentage Error (All),905676268964.9214
Jaisalmer,Wind Speed,Mean Squared Percentage Error (All),4.8373974944086904e+22
Jaisalmer,all,Mean Absolute Error (Non-zero),69.69695787537925
Jaisalmer,all,Mean Squared Error (Non-zero),12831.50125229955
Jaisalmer,all,Root Mean Squared Error (Non-zero),113.2762166224647
Jaisalmer,all,R² Score (Non-zero),0.8380358120732193
Jaisalmer,all,Mean Absolute Percentage Error (Non-zero),55.91999918743327
Jaisalmer,all,Mean Squared Percentage Error (Non-zero),361.51545015747325
Jaisalmer,all,Non-zero Values Percentage,48.46611721611722
Jaisalmer,all,Mean Absolute Error (All),35.36087020194803
Jaisalmer,all,Mean Squared Error (All),6276.990093345892
Jaisalmer,all,Root Mean Squared Error (All),79.2274579508007
Jaisalmer,all,R² Score (All),0.929131498448892
Jaisalmer,all,Mean Absolute Percentage Error (All),1581460902025.9858
Jaisalmer,all,Mean Squared Percentage Error (All),5.805965581884409e+23
Jaisalmer,meteorological_only,Mean Absolute Error (Non-zero),178.4036046478424
Jaisalmer,meteorological_only,Mean Squared Error (Non-zero),53899.70095021761
Jaisalmer,meteorological_only,Root Mean Squared Error (Non-zero),232.16309127468477
Jaisalmer,meteorological_only,R² Score (Non-zero),0.31965705943146416
Jaisalmer,meteorological_only,Mean Absolute Percentage Error (Non-zero),190.18025647587453
Jaisalmer,meteorological_only,Mean Squared Percentage Error (Non-zero),5977.0005439010065
Jaisalmer,meteorological_only,Non-zero Values Percentage,48.46611721611722
Jaisalmer,meteorological_only,Mean Absolute Error (All),129.65813675349887
Jaisalmer,meteorological_only,Mean Squared Error (All),39273.679472416145
Jaisalmer,meteorological_only,Root Mean Squared Error (All),198.1758801479538
Jaisalmer,meteorological_only,R² Score (All),0.5565921288359004
Jaisalmer,meteorological_only,Mean Absolute Percentage Error (All),43192836607189.41
Jaisalmer,meteorological_only,Mean Squared Percentage Error (All),1.3150587230747039e+26
Jodhpur,ghi_only,Mean Absolute Error (Non-zero),107.63535785789244
Jodhpur,ghi_only,Mean Squared Error (Non-zero),24812.357959801808
Jodhpur,ghi_only,Root Mean Squared Error (Non-zero),157.51938915511894
Jodhpur,ghi_only,R² Score (Non-zero),0.6127570528952617
Jodhpur,ghi_only,Mean Absolute Percentage Error (Non-zero),115.06465840172118
Jodhpur,ghi_only,Mean Squared Percentage Error (Non-zero),789.1716998221883
Jodhpur,ghi_only,Non-zero Values Percentage,48.99267399267399
Jodhpur,ghi_only,Mean Absolute Error (All),57.64734187015015
Jodhpur,ghi_only,Mean Squared Error (All),12256.709761603632
Jodhpur,ghi_only,Root Mean Squared Error (All),110.71002556951936
Jodhpur,ghi_only,R² Score (All),0.8010607006113755
Jodhpur,ghi_only,Mean Absolute Percentage Error (All),4913901894041.269
Jodhpur,ghi_only,Mean Squared Percentage Error (All),1.0047211646263447e+24
Jodhpur,Temperature,Mean Absolute Error (Non-zero),106.07836179944957
Jodhpur,Temperature,Mean Squared Error (Non-zero),24305.315807640305
Jodhpur,Temperature,Root Mean Squared Error (Non-zero),155.90162220977788
Jodhpur,Temperature,R² Score (Non-zero),0.6206703877595843
Jodhpur,Temperature,Mean Absolute Percentage Error (Non-zero),135.7348747374534
Jodhpur,Temperature,Mean Squared Percentage Error (Non-zero),1344.0949621515645
Jodhpur,Temperature,Non-zero Values Percentage,48.99267399267399
Jodhpur,Temperature,Mean Absolute Error (All),54.35020665519601
Jodhpur,Temperature,Mean Squared Error (All),11956.946152647059
Jodhpur,Temperature,Root Mean Squared Error (All),109.34782189256016
Jodhpur,Temperature,R² Score (All),0.805926179480333
Jodhpur,Temperature,Mean Absolute Percentage Error (All),2379580682088.963
Jodhpur,Temperature,Mean Squared Percentage Error (All),4.912201611998603e+23
Jodhpur,Relative Humidity,Mean Absolute Error (Non-zero),107.67645907094963
Jodhpur,Relative Humidity,Mean Squared Error (Non-zero),24351.801169616425
Jodhpur,Relative Humidity,Root Mean Squared Error (Non-zero),156.05063655626793
Jodhpur,Relative Humidity,R² Score (Non-zero),0.6199448973165547
Jodhpur,Relative Humidity,Mean Absolute Percentage Error (Non-zero),103.46411141529552
Jodhpur,Relative Humidity,Mean Squared Percentage Error (Non-zero),627.6956560042364
Jodhpur,Relative Humidity,Non-zero Values Percentage,48.99267399267399
Jodhpur,Relative Humidity,Mean Absolute Error (All),55.34470225719312
Jodhpur,Relative Humidity,Mean Squared Error (All),12014.218202383678
Jodhpur,Relative Humidity,Root Mean Squared Error (All),109.60938920723753
Jodhpur,Relative Humidity,R² Score (All),0.8049965938353463
Jodhpur,Relative Humidity,Mean Absolute Percentage Error (All),2591125697758.413
Jodhpur,Relative Humidity,Mean Squared Percentage Error (All),8.36196440093288e+23
Jodhpur,Pressure,Mean Absolute Error (Non-zero),106.00832827703975
Jodhpur,Pressure,Mean Squared Error (Non-zero),24487.309405619115
Jodhpur,Pressure,Root Mean Squared Error (Non-zero),156.4842145573128
Jodhpur,Pressure,R² Score (Non-zero),0.6178300395206267
Jodhpur,Pressure,Mean Absolute Percentage Error (Non-zero),131.52939545898434
Jodhpur,Pressure,Mean Squared Percentage Error (Non-zero),1306.357297463404
Jodhpur,Pressure,Non-zero Values Percentage,48.99267399267399
Jodhpur,Pressure,Mean Absolute Error (All),54.60578889501428
Jodhpur,Pressure,Mean Squared Error (All),12047.743260679408
Jodhpur,Pressure,Root Mean Squared Error (All),109.76221235324755
Jodhpur,Pressure,R² Score (All),0.8044524468547097
Jodhpur,Pressure,Mean Absolute Percentage Error (All),2669474217224.9937
Jodhpur,Pressure,Mean Squared Percentage Error (All),5.0755594007040355e+23
Jodhpur,Precipitable Water,Mean Absolute Error (Non-zero),104.45588544450491
Jodhpur,Precipitable Water,Mean Squared Error (Non-zero),22826.98141575406
Jodhpur,Precipitable Water,Root Mean Squared Error (Non-zero),151.08600668412035
Jodhpur,Precipitable Water,R² Score (Non-zero),0.6437425426772176
Jodhpur,Precipitable Water,Mean Absolute Percentage Error (Non-zero),127.44448937200306
Jodhpur,Precipitable Water,Mean Squared Percentage Error (Non-zero),1133.7112655060273
Jodhpur,Precipitable Water,Non-zero Values Percentage,48.99267399267399
Jodhpur,Precipitable Water,Mean Absolute Error (All),52.894489377238976
Jodhpur,Precipitable Water,Mean Squared Error (All),11227.158123034587
Jodhpur,Precipitable Water,Root Mean Squared Error (All),105.95828482489978
Jodhpur,Precipitable Water,R² Score (All),0.8177714072891958
Jodhpur,Precipitable Water,Mean Absolute Percentage Error (All),1718757955314.1162
Jodhpur,Precipitable Water,Mean Squared Percentage Error (All),4.360953564592361e+23
Jodhpur,Wind Direction,Mean Absolute Error (Non-zero),107.38044857647026
Jodhpur,Wind Direction,Mean Squared Error (Non-zero),24500.605811832233
Jodhpur,Wind Direction,Root Mean Squared Error (Non-zero),156.5266936079346
Jodhpur,Wind Direction,R² Score (Non-zero),0.6176225243970654
Jodhpur,Wind Direction,Mean Absolute Percentage Error (Non-zero),114.06968084324993
Jodhpur,Wind Direction,Mean Squared Percentage Error (Non-zero),756.0051081212417
Jodhpur,Wind Direction,Non-zero Values Percentage,48.99267399267399
Jodhpur,Wind Direction,Mean Absolute Error (All),55.31771225806653
Jodhpur,Wind Direction,Mean Squared Error (All),12067.230330007878
Jodhpur,Wind Direction,Root Mean Squared Error (All),109.85094596774248
Jodhpur,Wind Direction,R² Score (All),0.8041361512097327
Jodhpur,Wind Direction,Mean Absolute Percentage Error (All),2709159155181.401
Jodhpur,Wind Direction,Mean Squared Percentage Error (All),6.372839838677841e+23
Jodhpur,Wind Speed,Mean Absolute Error (Non-zero),107.95017880852396
Jodhpur,Wind Speed,Mean Squared Error (Non-zero),25084.642514072337
Jodhpur,Wind Speed,Root Mean Squared Error (Non-zero),158.38131996568387
Jodhpur,Wind Speed,R² Score (Non-zero),0.6085075465235721
Jodhpur,Wind Speed,Mean Absolute Percentage Error (Non-zero),115.204133626226
Jodhpur,Wind Speed,Mean Squared Percentage Error (Non-zero),785.0905040147838
Jodhpur,Wind Speed,Non-zero Values Percentage,48.99267399267399
Jodhpur,Wind Speed,Mean Absolute Error (All),56.11020646977235
Jodhpur,Wind Speed,Mean Squared Error (All),12350.34894806533
Jodhpur,Wind Speed,Root Mean Squared Error (All),111.13212383494401
Jodhpur,Wind Speed,R² Score (All),0.7995408380616096
Jodhpur,Wind Speed,Mean Absolute Percentage Error (All),3222527291660.0054
Jodhpur,Wind Speed,Mean Squared Percentage Error (All),6.071181891816964e+23
Jodhpur,all,Mean Absolute Error (Non-zero),105.4245298494524
Jodhpur,all,Mean Squared Error (Non-zero),23003.335618887548
Jodhpur,all,Root Mean Squared Error (Non-zero),151.6685056921428
Jodhpur,all,R² Score (Non-zero),0.6409902076727669
Jodhpur,all,Mean Absolute Percentage Error (Non-zero),128.91565728853885
Jodhpur,all,Mean Squared Percentage Error (Non-zero),1200.8109677757902
Jodhpur,all,Non-zero Values Percentage,48.99267399267399
Jodhpur,all,Mean Absolute Error (All),53.06259267397853
Jodhpur,all,Mean Squared Error (All),11292.568133142313
Jodhpur,all,Root Mean Squared Error (All),106.2664958166134
Jodhpur,all,R² Score (All),0.8167097339823352
Jodhpur,all,Mean Absolute Percentage Error (All),1412296456590.1924
Jodhpur,all,Mean Squared Percentage Error (All),2.2618905940076847e+23
Jodhpur,meteorological_only,Mean Absolute Error (Non-zero),156.98328580825685
Jodhpur,meteorological_only,Mean Squared Error (Non-zero),42573.94355428201
Jodhpur,meteorological_only,Root Mean Squared Error (Non-zero),206.33454280435453
Jodhpur,meteorological_only,R² Score (Non-zero),0.3355545088241735
Jodhpur,meteorological_only,Mean Absolute Percentage Error (Non-zero),245.0807886113918
Jodhpur,meteorological_only,Mean Squared Percentage Error (Non-zero),7405.641080651634
Jodhpur,meteorological_only,Non-zero Values Percentage,48.99267399267399
Jodhpur,meteorological_only,Mean Absolute Error (All),94.22413376099925
Jodhpur,meteorological_only,Mean Squared Error (All),23160.43513563325
Jodhpur,meteorological_only,Root Mean Squared Error (All),152.1855286669309
Jodhpur,meteorological_only,R² Score (All),0.6240817618238415
Jodhpur,meteorological_only,Mean Absolute Percentage Error (All),17313824322092.379
Jodhpur,meteorological_only,Mean Squared Percentage Error (All),2.3023217642588258e+25
New Delhi,ghi_only,Mean Absolute Error (Non-zero),135.59406613550541
New Delhi,ghi_only,Mean Squared Error (Non-zero),34642.51381130471
New Delhi,ghi_only,Root Mean Squared Error (Non-zero),186.12499512774932
New Delhi,ghi_only,R² Score (Non-zero),0.5167944100516431
New Delhi,ghi_only,Mean Absolute Percentage Error (Non-zero),144.81195901812828
New Delhi,ghi_only,Mean Squared Percentage Error (Non-zero),1282.7515959162108
New Delhi,ghi_only,Non-zero Values Percentage,49.107142857142854
New Delhi,ghi_only,Mean Absolute Error (All),68.33191062867995
New Delhi,ghi_only,Mean Squared Error (All),17063.09209551583
New Delhi,ghi_only,Root Mean Squared Error (All),130.62577117673155
New Delhi,ghi_only,R² Score (All),0.7334136245414495
New Delhi,ghi_only,Mean Absolute Percentage Error (All),1745538865779.6494
New Delhi,ghi_only,Mean Squared Percentage Error (All),5.114334889298309e+23
New Delhi,Temperature,Mean Absolute Error (Non-zero),133.51174814084195
New Delhi,Temperature,Mean Squared Error (Non-zero),34106.21449769563
New Delhi,Temperature,Root Mean Squared Error (Non-zero),184.6786790555305
New Delhi,Temperature,R² Score (Non-zero),0.5242748956663101
New Delhi,Temperature,Mean Absolute Percentage Error (Non-zero),166.52185016794695
New Delhi,Temperature,Mean Squared Percentage Error (Non-zero),2063.034209519044
New Delhi,Temperature,Non-zero Values Percentage,49.107142857142854
New Delhi,Temperature,Mean Absolute Error (All),67.95104503373688
New Delhi,Temperature,Mean Squared Error (All),16804.397344752233
New Delhi,Temperature,Root Mean Squared Error (All),129.63177598394705
New Delhi,Temperature,R² Score (All),0.7374553595077835
New Delhi,Temperature,Mean Absolute Percentage Error (All),2387240143226.6255
New Delhi,Temperature,Mean Squared Percentage Error (All),5.5809868205272116e+23
New Delhi,Relative Humidity,Mean Absolute Error (Non-zero),137.0779175251514
New Delhi,Relative Humidity,Mean Squared Error (Non-zero),34445.74978193279
New Delhi,Relative Humidity,Root Mean Squared Error (Non-zero),185.59566207735782
New Delhi,Relative Humidity,R² Score (Non-zero),0.5195389417969764
New Delhi,Relative Humidity,Mean Absolute Percentage Error (Non-zero),145.45450965865106
New Delhi,Relative Humidity,Mean Squared Percentage Error (Non-zero),1258.311730589955
New Delhi,Relative Humidity,Non-zero Values Percentage,49.107142857142854
New Delhi,Relative Humidity,Mean Absolute Error (All),70.80614378705626
New Delhi,Relative Humidity,Mean Squared Error (All),16986.073811928713
New Delhi,Relative Humidity,Root Mean Squared Error (All),130.3306326691032
New Delhi,Relative Humidity,R² Score (All),0.7346169249134218
New Delhi,Relative Humidity,Mean Absolute Percentage Error (All),3491095002455.1284
New Delhi,Relative Humidity,Mean Squared Percentage Error (All),7.075025830100189e+23
New Delhi,Pressure,Mean Absolute Error (Non-zero),135.08840927266297
New Delhi,Pressure,Mean Squared Error (Non-zero),34901.540309538206
New Delhi,Pressure,Root Mean Squared Error (Non-zero),186.8195394211703
New Delhi,Pressure,R² Score (Non-zero),0.5131814201695308
New Delhi,Pressure,Mean Absolute Percentage Error (Non-zero),172.59424569726633
New Delhi,Pressure,Mean Squared Percentage Error (Non-zero),2129.3162974959723
New Delhi,Pressure,Non-zero Values Percentage,49.107142857142854
New Delhi,Pressure,Mean Absolute Error (All),73.5355590719102
New Delhi,Pressure,Mean Squared Error (All),17292.588147810766
New Delhi,Pressure,Root Mean Squared Error (All),131.50128572683525
New Delhi,Pressure,R² Score (All),0.7298280774189893
New Delhi,Pressure,Mean Absolute Percentage Error (All),7197500947026.53
New Delhi,Pressure,Mean Squared Percentage Error (All),1.5343888866253596e+24
New Delhi,Precipitable Water,Mean Absolute Error (Non-zero),132.7756104267022
New Delhi,Precipitable Water,Mean Squared Error (Non-zero),33101.69111568315
New Delhi,Precipitable Water,Root Mean Squared Error (Non-zero),181.9387015334647
New Delhi,Precipitable Water,R² Score (Non-zero),0.5382863301732328
New Delhi,Precipitable Water,Mean Absolute Percentage Error (Non-zero),173.9028339522401
New Delhi,Precipitable Water,Mean Squared Percentage Error (Non-zero),2529.5768776161194
New Delhi,Precipitable Water,Non-zero Values Percentage,49.107142857142854
New Delhi,Precipitable Water,Mean Absolute Error (All),68.03939801920686
New Delhi,Precipitable Water,Mean Squared Error (All),16367.471906109315
New Delhi,Precipitable Water,Root Mean Squared Error (All),127.93542084235044
New Delhi,Precipitable Water,R² Score (All),0.7442816937021621
New Delhi,Precipitable Water,Mean Absolute Percentage Error (All),2837089327608.1274
New Delhi,Precipitable Water,Mean Squared Percentage Error (All),1.1217716180062589e+24
New Delhi,Wind Direction,Mean Absolute Error (Non-zero),135.9520840878253
New Delhi,Wind Direction,Mean Squared Error (Non-zero),34509.360957767036
New Delhi,Wind Direction,Root Mean Squared Error (Non-zero),185.7669533522231
New Delhi,Wind Direction,R² Score (Non-zero),0.518651671435659
New Delhi,Wind Direction,Mean Absolute Percentage Error (Non-zero),152.0803479574078
New Delhi,Wind Direction,Mean Squared Percentage Error (Non-zero),1307.6433323135589
New Delhi,Wind Direction,Non-zero Values Percentage,49.107142857142854
New Delhi,Wind Direction,Mean Absolute Error (All),70.9976457336518
New Delhi,Wind Direction,Mean Squared Error (All),17024.905148502992
New Delhi,Wind Direction,Root Mean Squared Error (All),130.47952003476635
New Delhi,Wind Direction,R² Score (All),0.7340102408954489
New Delhi,Wind Direction,Mean Absolute Percentage Error (All),4235461583455.1147
New Delhi,Wind Direction,Mean Squared Percentage Error (All),7.83439638852479e+23
New Delhi,Wind Speed,Mean Absolute Error (Non-zero),137.4503630978244
New Delhi,Wind Speed,Mean Squared Error (Non-zero),34775.40345974312
New Delhi,Wind Speed,Root Mean Squared Error (Non-zero),186.4816437608354
New Delhi,Wind Speed,R² Score (Non-zero),0.5149408199420604
New Delhi,Wind Speed,Mean Absolute Percentage Error (Non-zero),142.083663789444
New Delhi,Wind Speed,Mean Squared Percentage Error (Non-zero),1065.0467346866988
New Delhi,Wind Speed,Non-zero Values Percentage,49.107142857142854
New Delhi,Wind Speed,Mean Absolute Error (All),73.78476346267094
New Delhi,Wind Speed,Mean Squared Error (All),17209.216801305665
New Delhi,Wind Speed,Root Mean Squared Error (All),131.18390450549055
New Delhi,Wind Speed,R² Score (All),0.7311306352999102
New Delhi,Wind Speed,Mean Absolute Percentage Error (All),6286817298630.508
New Delhi,Wind Speed,Mean Squared Percentage Error (All),1.3200974518181403e+24
New Delhi,all,Mean Absolute Error (Non-zero),132.8614288312294
New Delhi,all,Mean Squared Error (Non-zero),32983.43763083618
New Delhi,all,Root Mean Squared Error (Non-zero),181.61342910378676
New Delhi,all,R² Score (Non-zero),0.539935770084556
New Delhi,all,Mean Absolute Percentage Error (Non-zero),157.32820598141265
New Delhi,all,Mean Squared Percentage Error (Non-zero),1733.8266319194404
New Delhi,all,Non-zero Values Percentage,49.107142857142854
New Delhi,all,Mean Absolute Error (All),67.32070159921726
New Delhi,all,Mean Squared Error (All),16235.656609786054
New Delhi,all,Root Mean Squared Error (All),127.41921601464222
New Delhi,all,R² Score (All),0.7463411189153712
New Delhi,all,Mean Absolute Percentage Error (All),2076249941101.5044
New Delhi,all,Mean Squared Percentage Error (All),3.843277321471149e+23
New Delhi,meteorological_only,Mean Absolute Error (Non-zero),170.68198023931686
New Delhi,meteorological_only,Mean Squared Error (Non-zero),48465.68829783957
New Delhi,meteorological_only,Root Mean Squared Error (Non-zero),220.1492409658493
New Delhi,meteorological_only,R² Score (Non-zero),0.32398406092087384
New Delhi,meteorological_only,Mean Absolute Percentage Error (Non-zero),182.17821177515378
New Delhi,meteorological_only,Mean Squared Percentage Error (Non-zero),2592.3059464044263
New Delhi,meteorological_only,Non-zero Values Percentage,49.107142857142854
New Delhi,meteorological_only,Mean Absolute Error (All),93.1264540494411
New Delhi,meteorological_only,Mean Squared Error (All),24295.876032471373
New Delhi,meteorological_only,Root Mean Squared Error (All),155.87134448791855
New Delhi,meteorological_only,R² Score (All),0.6204117346475
New Delhi,meteorological_only,Mean Absolute Percentage Error (All),9309410182008.88
New Delhi,meteorological_only,Mean Squared Percentage Error (All),4.957612433537299e+24
Shimla,ghi_only,Mean Absolute Error (Non-zero),123.98818313609836
Shimla,ghi_only,Mean Squared Error (Non-zero),29505.57427183804
Shimla,ghi_only,Root Mean Squared Error (Non-zero),171.7718669393741
Shimla,ghi_only,R² Score (Non-zero),0.6490210940588836
Shimla,ghi_only,Mean Absolute Percentage Error (Non-zero),120.25280692752303
Shimla,ghi_only,Mean Squared Percentage Error (Non-zero),819.7346539513594
Shimla,ghi_only,Non-zero Values Percentage,48.946886446886445
Shimla,ghi_only,Mean Absolute Error (All),62.56570382893154
Shimla,ghi_only,Mean Squared Error (All),14465.509786535931
Shimla,ghi_only,Root Mean Squared Error (All),120.27264770734837
Shimla,ghi_only,R² Score (All),0.8040762038036979
Shimla,ghi_only,Mean Absolute Percentage Error (All),1877348621806.7253
Shimla,ghi_only,Mean Squared Percentage Error (All),2.3449852197622246e+23
Shimla,Temperature,Mean Absolute Error (Non-zero),121.24715012856964
Shimla,Temperature,Mean Squared Error (Non-zero),27758.935633534566
Shimla,Temperature,Root Mean Squared Error (Non-zero),166.61013064497178
Shimla,Temperature,R² Score (Non-zero),0.6697979585489049
Shimla,Temperature,Mean Absolute Percentage Error (Non-zero),123.76743204467769
Shimla,Temperature,Mean Squared Percentage Error (Non-zero),959.0065495356978
Shimla,Temperature,Non-zero Values Percentage,48.946886446886445
Shimla,Temperature,Mean Absolute Error (All),62.12403353937772
Shimla,Temperature,Mean Squared Error (All),13609.93205022633
Shimla,Temperature,Root Mean Squared Error (All),116.66161343915286
Shimla,Temperature,R² Score (All),0.8156643220596365
Shimla,Temperature,Mean Absolute Percentage Error (All),2777328645921.384
Shimla,Temperature,Mean Squared Percentage Error (All),2.2797346815868166e+23
Shimla,Relative Humidity,Mean Absolute Error (Non-zero),122.32547085801025
Shimla,Relative Humidity,Mean Squared Error (Non-zero),29508.99128790112
Shimla,Relative Humidity,Root Mean Squared Error (Non-zero),171.7818130300793
Shimla,Relative Humidity,R² Score (Non-zero),0.6489804474831433
Shimla,Relative Humidity,Mean Absolute Percentage Error (Non-zero),125.02266856080351
Shimla,Relative Humidity,Mean Squared Percentage Error (Non-zero),908.5444153730725
Shimla,Relative Humidity,Non-zero Values Percentage,48.946886446886445
Shimla,Relative Humidity,Mean Absolute Error (All),61.94429981674785
Shimla,Relative Humidity,Mean Squared Error (All),14462.802810231593
Shimla,Relative Humidity,Root Mean Squared Error (All),120.2613936815618
Shimla,Relative Humidity,R² Score (All),0.8041128676393723
Shimla,Relative Humidity,Mean Absolute Percentage Error (All),2069790500319.5972
Shimla,Relative Humidity,Mean Squared Percentage Error (All),1.907035292101638e+23
Shimla,Pressure,Mean Absolute Error (Non-zero),122.88517071765862
Shimla,Pressure,Mean Squared Error (Non-zero),29019.808662664414
Shimla,Pressure,Root Mean Squared Error (Non-zero),170.352013967151
Shimla,Pressure,R² Score (Non-zero),0.6547994422611861
Shimla,Pressure,Mean Absolute Percentage Error (Non-zero),107.3300969259251
Shimla,Pressure,Mean Squared Percentage Error (Non-zero),626.0097899284506
Shimla,Pressure,Non-zero Values Percentage,48.946886446886445
Shimla,Pressure,Mean Absolute Error (All),61.307418493559915
Shimla,Pressure,Mean Squared Error (All),14211.314899792622
Shimla,Pressure,Root Mean Squared Error (All),119.21121968922482
Shimla,Pressure,R² Score (All),0.8075190708660667
Shimla,Pressure,Mean Absolute Percentage Error (All),1158953522377.5312
Shimla,Pressure,Mean Squared Percentage Error (All),7.022106574555643e+22
Shimla,Precipitable Water,Mean Absolute Error (Non-zero),119.99428715727618
Shimla,Precipitable Water,Mean Squared Error (Non-zero),27638.992015414973
Shimla,Precipitable Water,Root Mean Squared Error (Non-zero),166.2497880161505
Shimla,Precipitable Water,R² Score (Non-zero),0.6712247289440303
Shimla,Precipitable Water,Mean Absolute Percentage Error (Non-zero),139.94261792988146
Shimla,Precipitable Water,Mean Squared Percentage Error (Non-zero),1481.775102233695
Shimla,Precipitable Water,Non-zero Values Percentage,48.946886446886445
Shimla,Precipitable Water,Mean Absolute Error (All),60.57789049514672
Shimla,Precipitable Water,Mean Squared Error (All),13559.83427395679
Shimla,Precipitable Water,Root Mean Squared Error (All),116.44670143012549
Shimla,Precipitable Water,R² Score (All),0.8163428564944795
Shimla,Precipitable Water,Mean Absolute Percentage Error (All),1844423017592.403
Shimla,Precipitable Water,Mean Squared Percentage Error (All),3.140823710761309e+23
Shimla,Wind Direction,Mean Absolute Error (Non-zero),124.11216875802468
Shimla,Wind Direction,Mean Squared Error (Non-zero),28969.152879245266
Shimla,Wind Direction,Root Mean Squared Error (Non-zero),170.20326929658333
Shimla,Wind Direction,R² Score (Non-zero),0.6554020101448085
Shimla,Wind Direction,Mean Absolute Percentage Error (Non-zero),113.48177209554993
Shimla,Wind Direction,Mean Squared Percentage Error (Non-zero),762.8920024388295
Shimla,Wind Direction,Non-zero Values Percentage,48.946886446886445
Shimla,Wind Direction,Mean Absolute Error (All),61.850562601359414
Shimla,Wind Direction,Mean Squared Error (All),14196.214490475853
Shimla,Wind Direction,Root Mean Squared Error (All),119.14786817428104
Shimla,Wind Direction,R² Score (All),0.8077235938701722
Shimla,Wind Direction,Mean Absolute Percentage Error (All),1101520292656.5464
Shimla,Wind Direction,Mean Squared Percentage Error (All),1.6716126046734895e+23
Shimla,Wind Speed,Mean Absolute Error (Non-zero),122.23106761208463
Shimla,Wind Speed,Mean Squared Error (Non-zero),28611.79947613756
Shimla,Wind Speed,Root Mean Squared Error (Non-zero),169.15022753794202
Shimla,Wind Speed,R² Score (Non-zero),0.6596528511995032
Shimla,Wind Speed,Mean Absolute Percentage Error (Non-zero),107.20910805583918
Shimla,Wind Speed,Mean Squared Percentage Error (Non-zero),612.0860896587441
Shimla,Wind Speed,Non-zero Values Percentage,48.946886446886445
Shimla,Wind Speed,Mean Absolute Error (All),62.149891099410475
Shimla,Wind Speed,Mean Squared Error (All),14028.227287226535
Shimla,Wind Speed,Root Mean Squared Error (All),118.44081765686411
Shimla,Wind Speed,R² Score (All),0.8099988465960485
Shimla,Wind Speed,Mean Absolute Percentage Error (All),2321589232558.8936
Shimla,Wind Speed,Mean Squared Percentage Error (All),2.364228723063038e+23
Shimla,all,Mean Absolute Error (Non-zero),120.12531296946491
Shimla,all,Mean Squared Error (Non-zero),26805.337322076986
Shimla,all,Root Mean Squared Error (Non-zero),163.72335606771864
Shimla,all,R² Score (Non-zero),0.6811413368874897
Shimla,all,Mean Absolute Percentage Error (Non-zero),120.9153032865539
Shimla,all,Mean Squared Percentage Error (Non-zero),865.8425894077942
Shimla,all,Non-zero Values Percentage,48.946886446886445
Shimla,all,Mean Absolute Error (All),60.336992155495714
Shimla,all,Mean Squared Error (All),13131.013458120457
Shimla,all,Root Mean Squared Error (All),114.5906342513229
Shimla,all,R² Score (All),0.8221508925309867
Shimla,all,Mean Absolute Percentage Error (All),1539391622423.9473
Shimla,all,Mean Squared Percentage Error (All),1.063543737856104e+23
Shimla,meteorological_only,Mean Absolute Error (Non-zero),173.10742671851838
Shimla,meteorological_only,Mean Squared Error (Non-zero),49545.58399562023
Shimla,meteorological_only,Root Mean Squared Error (Non-zero),222.58837345113116
Shimla,meteorological_only,R² Score (Non-zero),0.4106383185500627
Shimla,meteorological_only,Mean Absolute Percentage Error (Non-zero),128.2880440053848
Shimla,meteorological_only,Mean Squared Percentage Error (Non-zero),1220.390733158644
Shimla,meteorological_only,Non-zero Values Percentage,48.946886446886445
Shimla,meteorological_only,Mean Absolute Error (All),89.62391187226297
Shimla,meteorological_only,Mean Squared Error (All),24448.255836590375
Shimla,meteorological_only,Root Mean Squared Error (All),156.35938039206465
Shimla,meteorological_only,R² Score (All),0.668867868152039
Shimla,meteorological_only,Mean Absolute Percentage Error (All),4893216285285.402
Shimla,meteorological_only,Mean Squared Percentage Error (All),1.9723509880739027e+24
Srinagar,ghi_only,Mean Absolute Error (Non-zero),69.54785787884673
Srinagar,ghi_only,Mean Squared Error (Non-zero),13030.452431303136
Srinagar,ghi_only,Root Mean Squared Error (Non-zero),114.15100714099344
Srinagar,ghi_only,R² Score (Non-zero),0.8355245730910607
Srinagar,ghi_only,Mean Absolute Percentage Error (Non-zero),47.64439209301774
Srinagar,ghi_only,Mean Squared Percentage Error (Non-zero),226.8267454090752
Srinagar,ghi_only,Non-zero Values Percentage,48.46611721611722
Srinagar,ghi_only,Mean Absolute Error (All),34.58833883462312
Srinagar,ghi_only,Mean Squared Error (All),6319.737394376706
Srinagar,ghi_only,Root Mean Squared Error (All),79.49677599989012
Srinagar,ghi_only,R² Score (All),0.9286488726801148
Srinagar,ghi_only,Mean Absolute Percentage Error (All),881192513785.7523
Srinagar,ghi_only,Mean Squared Percentage Error (All),4.3830452309325515e+22
Srinagar,Temperature,Mean Absolute Error (Non-zero),69.13943513134036
Srinagar,Temperature,Mean Squared Error (Non-zero),12670.704447215068
Srinagar,Temperature,Root Mean Squared Error (Non-zero),112.56422365572051
Srinagar,Temperature,R² Score (Non-zero),0.8400654517423938
Srinagar,Temperature,Mean Absolute Percentage Error (Non-zero),52.27551290291633
Srinagar,Temperature,Mean Squared Percentage Error (Non-zero),300.6861712025957
Srinagar,Temperature,Non-zero Values Percentage,48.46611721611722
Srinagar,Temperature,Mean Absolute Error (All),34.22696333361208
Srinagar,Temperature,Mean Squared Error (All),6157.800437516798
Srinagar,Temperature,Root Mean Squared Error (All),78.47165371977832
Srinagar,Temperature,R² Score (All),0.9304771740327923
Srinagar,Temperature,Mean Absolute Percentage Error (All),717763660320.6746
Srinagar,Temperature,Mean Squared Percentage Error (All),1.6801968021765236e+23
Srinagar,Relative Humidity,Mean Absolute Error (Non-zero),68.42309851431317
Srinagar,Relative Humidity,Mean Squared Error (Non-zero),13258.709123772853
Srinagar,Relative Humidity,Root Mean Squared Error (Non-zero),115.1464681341675
Srinagar,Relative Humidity,R² Score (Non-zero),0.8326434285462565
Srinagar,Relative Humidity,Mean Absolute Percentage Error (Non-zero),51.806446906626476
Srinagar,Relative Humidity,Mean Squared Percentage Error (Non-zero),284.9801172572481
Srinagar,Relative Humidity,Non-zero Values Percentage,48.46611721611722
Srinagar,Relative Humidity,Mean Absolute Error (All),34.694410565994126
Srinagar,Relative Humidity,Mean Squared Error (All),6588.776911117775
Srinagar,Relative Humidity,Root Mean Squared Error (All),81.17128131992112
Srinagar,Relative Humidity,R² Score (All),0.925611361528124
Srinagar,Relative Humidity,Mean Absolute Percentage Error (All),1532391437172.8545
Srinagar,Relative Humidity,Mean Squared Percentage Error (All),1.6279540584599547e+24
Srinagar,Pressure,Mean Absolute Error (Non-zero),69.57670970062294
Srinagar,Pressure,Mean Squared Error (Non-zero),12612.385631004048
Srinagar,Pressure,Root Mean Squared Error (Non-zero),112.304878037439
Srinagar,Pressure,R² Score (Non-zero),0.8408015744705722
Srinagar,Pressure,Mean Absolute Percentage Error (Non-zero),52.893272654715
Srinagar,Pressure,Mean Squared Percentage Error (Non-zero),310.44479602323827
Srinagar,Pressure,Non-zero Values Percentage,48.46611721611722
Srinagar,Pressure,Mean Absolute Error (All),34.773365134396414
Srinagar,Pressure,Mean Squared Error (All),6118.799826682586
Srinagar,Pressure,Root Mean Squared Error (All),78.22275772869803
Srinagar,Pressure,R² Score (All),0.9309174989031993
Srinagar,Pressure,Mean Absolute Percentage Error (All),1052235455800.5352
Srinagar,Pressure,Mean Squared Percentage Error (All),6.066223011438273e+22
Srinagar,Precipitable Water,Mean Absolute Error (Non-zero),67.57568610370349
Srinagar,Precipitable Water,Mean Squared Error (Non-zero),12437.18872836759
Srinagar,Precipitable Water,Root Mean Squared Error (Non-zero),111.5221445649589
Srinagar,Precipitable Water,R² Score (Non-zero),0.8430129777588442
Srinagar,Precipitable Water,Mean Absolute Percentage Error (Non-zero),54.58044359101496
Srinagar,Precipitable Water,Mean Squared Percentage Error (Non-zero),347.9841970148466
Srinagar,Precipitable Water,Non-zero Values Percentage,48.46611721611722
Srinagar,Precipitable Water,Mean Absolute Error (All),34.90496848022519
Srinagar,Precipitable Water,Mean Squared Error (All),6082.081978722865
Srinagar,Precipitable Water,Root Mean Squared Error (All),77.98770402263978
Srinagar,Precipitable Water,R² Score (All),0.9313320509140183
Srinagar,Precipitable Water,Mean Absolute Percentage Error (All),2153657243635.2776
Srinagar,Precipitable Water,Mean Squared Percentage Error (All),5.4259511242508635e+23
Srinagar,Wind Direction,Mean Absolute Error (Non-zero),73.86304931838838
Srinagar,Wind Direction,Mean Squared Error (Non-zero),13020.543975085373
Srinagar,Wind Direction,Root Mean Squared Error (Non-zero),114.1075982355486
Srinagar,Wind Direction,R² Score (Non-zero),0.8356496414703067
Srinagar,Wind Direction,Mean Absolute Percentage Error (Non-zero),48.13428548849888
Srinagar,Wind Direction,Mean Squared Percentage Error (Non-zero),233.4704891557319
Srinagar,Wind Direction,Non-zero Values Percentage,48.46611721611722
Srinagar,Wind Direction,Mean Absolute Error (All),36.88431353394911
Srinagar,Wind Direction,Mean Squared Error (All),6318.317718414871
Srinagar,Wind Direction,Root Mean Squared Error (All),79.48784635662783
Srinagar,Wind Direction,R² Score (All),0.9286649011119916
Srinagar,Wind Direction,Mean Absolute Percentage Error (All),1085761471923.8583
Srinagar,Wind Direction,Mean Squared Percentage Error (All),7.765613273906204e+22
Srinagar,Wind Speed,Mean Absolute Error (Non-zero),69.30829015384037
Srinagar,Wind Speed,Mean Squared Error (Non-zero),13044.697381354434
Srinagar,Wind Speed,Root Mean Squared Error (Non-zero),114.21338529854735
Srinagar,Wind Speed,R² Score (Non-zero),0.83534476780392
Srinagar,Wind Speed,Mean Absolute Percentage Error (Non-zero),46.65926013483755
Srinagar,Wind Speed,Mean Squared Percentage Error (Non-zero),207.69968902978016
Srinagar,Wind Speed,Non-zero Values Percentage,48.46611721611722
Srinagar,Wind Speed,Mean Absolute Error (All),34.7024472987368
Srinagar,Wind Speed,Mean Squared Error (All),6328.1179144631315
Srinagar,Wind Speed,Root Mean Squared Error (All),79.54946834808597
Srinagar,Wind Speed,R² Score (All),0.9285542548948528
Srinagar,Wind Speed,Mean Absolute Percentage Error (All),1111410152312.5073
Srinagar,Wind Speed,Mean Squared Percentage Error (All),5.859591128118959e+22
Srinagar,all,Mean Absolute Error (Non-zero),66.05043912373121
Srinagar,all,Mean Squared Error (Non-zero),12909.002921674262
Srinagar,all,Root Mean Squared Error (Non-zero),113.61779315615254
Srinagar,all,R² Score (Non-zero),0.8370575559287174
Srinagar,all,Mean Absolute Percentage Error (Non-zero),57.117053241855785
Srinagar,all,Mean Squared Percentage Error (Non-zero),400.81608992806446
Srinagar,all,Non-zero Values Percentage,48.46611721611722
Srinagar,all,Mean Absolute Error (All),33.51601087807611
Srinagar,all,Mean Squared Error (All),6356.25780984155
Srinagar,all,Root Mean Squared Error (All),79.72614257470099
Srinagar,all,R² Score (All),0.9282365497225302
Srinagar,all,Mean Absolute Percentage Error (All),1503927630636.087
Srinagar,all,Mean Squared Percentage Error (All),9.976532239090646e+23
Srinagar,meteorological_only,Mean Absolute Error (Non-zero),178.92382679495788
Srinagar,meteorological_only,Mean Squared Error (Non-zero),53321.78869422704
Srinagar,meteorological_only,Root Mean Squared Error (Non-zero),230.91511144623482
Srinagar,meteorological_only,R² Score (Non-zero),0.32695169217895115
Srinagar,meteorological_only,Mean Absolute Percentage Error (Non-zero),172.77454778065672
Srinagar,meteorological_only,Mean Squared Percentage Error (Non-zero),4867.277031387458
Srinagar,meteorological_only,Non-zero Values Percentage,48.46611721611722
Srinagar,meteorological_only,Mean Absolute Error (All),123.8273513817258
Srinagar,meteorological_only,Mean Squared Error (All),36438.640719379706
Srinagar,meteorological_only,Root Mean Squared Error (All),190.88907962316677
Srinagar,meteorological_only,R² Score (All),0.5886002960114389
Srinagar,meteorological_only,Mean Absolute Percentage Error (All),37109919759802.72
Srinagar,meteorological_only,Mean Squared Percentage Error (All),1.0595640109105288e+26
